﻿<?xml version="1.0" encoding="utf-8" ?>
<customUI onLoad="Ribbon_Load" xmlns="http://schemas.microsoft.com/office/2009/07/customui">
  <contextMenus>
    <contextMenu idMso="ContextMenuContactCardRecipient">
      <button id="MyContextMenuContactCardRecipient"
              label="ContextMenuContactCardRecipient"
              onAction="OnMyButtonClick"/>
    </contextMenu>
    <contextMenu idMso="ContextMenuContactCardOverflowDropdown">
      <button id="MyContextMenuContactCardOverflow"
              label="ContextMenuContactCardOverflow"
              onAction="OnMyButtonClick"/>
    </contextMenu>
  </contextMenus>
</customUI>
