﻿<?xml version="1.0" encoding="utf-8"?>
<customUI onLoad="Ribbon_Load" xmlns="http://schemas.microsoft.com/office/2009/07/customui">
  <ribbon>
    <tabs>
      <tab id="MyTab"
           getVisible="MyTab_GetVisible"
           label="MyTab">
        <group label="MyGroup" id="MyGroup" >
          <button id="MyButton"
                  size="large"
                  label="MyButton"
                  imageMso="HappyFace"
                  screentip="My custom screentip"
                  supertip="My custom supertip"
                  onAction="OnMyButtonClick"/> 
        </group>
      </tab>
    </tabs>
    <contextualTabs>
      <tabSet idMso="TabSetAttachments">
          <tab idMso="TabAttachments">
            <group label="MyGroup" id="MyAttachmentGroup">
              <button id="MyButtonAttachments"
                      size="large"
                      label="MyButtonAttachments"
                      imageMso="HappyFace"
                      onAction="OnMyButtonClick" />
            </group>
          </tab>
      </tabSet>
    </contextualTabs>
  </ribbon>
  <backstage>
    <tab id="MyBackstageTab"
           label="My Tab"
           getVisible="MyBackstageTab_GetVisible">
      <firstColumn>
        <group id="regularGroup"
              label="My Regular Group"
              helperText="My Regular Group Helper Text">
          <primaryItem>
            <button id="MyHeroButton"
                    label="My Hero Button"
                    imageMso="MagicEightBall"
                    isDefinitive="false"
                    onAction="OnMyButtonClick"
                    screentip="Click to spin the magic eight ball."/>
          </primaryItem>
          <bottomItems>
              <hyperlink
                id="hyperlink"
                label="Office Developer Center"
                target="http://msdn.microsoft.com/en-us/office/default.aspx"/>
              <imageControl id="userImage" getImage="GetCurrentUserImage"/>
              <layoutContainer id="vertical"
                               align="left"
                               layoutChildren="vertical">
                <labelControl id="labelControl2" label="Vertical layout"/>
                <radioGroup id="myradiogroup1" label="Options">
                  <radioButton id="rb1" label="Option 1"/>
                  <radioButton id="rb2" label="Option 2"/>
                  <radioButton id="rb3" label="Option 3"/>
                </radioGroup>
              </layoutContainer>
              <groupBox id="mygroupbox1" label="Check Boxes">
                <checkBox id="check1" label="Check Box 1"/>
                <checkBox id="check2" label="Check Box 2"/>
                <checkBox id="check3" label="Check Box 3"/>
              </groupBox>
              <layoutContainer
                id="vertical2"
                align="left"
                layoutChildren="vertical">
                <comboBox id="comboBox" label="Color ComboBox">
                  <item id="cbi1" label="Blue"/>
                  <item id="cbi2" label="Magenta"/>
                  <item id="cbi3" label="Cyan"/>
                </comboBox>
              </layoutContainer>
          </bottomItems>
        </group>
        <taskGroup id="taskGroup"
            label="My Task Group"
            helperText="My Task Group Helper Text">
          <category id="MyCategory" label="My Category">
            <task id="MyTask"
                  tag="MyTask"
                  isDefinitive="true"
                  label="My Task"
                  imageMso="NewTask"/>
          </category>
        </taskGroup>
      </firstColumn>
      <secondColumn>
        <group id="myemptygroup">
        </group>
      </secondColumn>
    </tab>
  </backstage>
  <contextMenus>
    <contextMenu idMso="ContextMenuFolder">
      <button id="MyContextMenuFolder"
              label="ContextMenuFolder"
              onAction="OnMyButtonClick" />
    </contextMenu>
    <contextMenu idMso="ContextMenuSearchRoot">
      <button id="MyContextMenuSearchRoot"
              label="ContextMenuSearchRoot"
              onAction="OnMyButtonClick"/>
    </contextMenu>
    <contextMenu idMso="ContextMenuStore">
      <button id="MyContextMenuStore"
              label="ContextMenuStore"
              onAction="OnMyButtonClick"/>
    </contextMenu>
    <contextMenu idMso="ContextMenuNavigatonPaneModule">
      <button id="MyContextMenuNavigatonPaneModule"
              label="ContextMenuNavigatonPaneModule"
              onAction="OnMyButtonClick"/>
    </contextMenu>
    <contextMenu idMso="ContextMenuMailItem">
      <button id="MyContextMenuMailItem"
              label="ContextMenuMailItem"
              onAction="OnMyButtonClick"/>
    </contextMenu>
    <contextMenu idMso="ContextMenuMultipleItems">
      <button id="MyContextMenuMultipleItems"
              label="ContextMenuMultipleItems"
              onAction="OnMyButtonClick"/>
    </contextMenu>
    <contextMenu idMso="ContextMenuCalendarItem">
      <button id="MyContextMenuCalendarItem"
              label="ContextMenuCalendarItem"
              onAction="OnMyButtonClick"/>
    </contextMenu>
    <contextMenu idMso="ContextMenuTaskItem">
      <button id="MyContextMenuTaskItem"
              label="ContextMenuTaskItem"
              onAction="OnMyButtonClick"/>
    </contextMenu>
    <contextMenu idMso="ContextMenuContactItem">
      <button id="MyContextMenuContactItem"
              label="ContextMenuContactItem"
              onAction="OnMyButtonClick"/>
    </contextMenu>
    <contextMenu idMso="ContextMenuJournalItem">
      <button id="MyContextMenuJournalItem"
              label="ContextMenuJournalItem"
              onAction="OnMyButtonClick"/>
    </contextMenu>
    <contextMenu idMso="ContextMenuNoteItem">
      <button id="MyContextMenuNoteItem"
              label="ContextMenuNoteItem"
              onAction="OnMyButtonClick"/>
    </contextMenu>
    <contextMenu idMso="ContextMenuShortcut">
      <button id="MyContextMenuShortcut"
              label="ContextMenuShortcut"
              onAction="OnMyButtonClick"/>
    </contextMenu>
    <contextMenu idMso="ContextMenuAttachments">
      <button id="MyContextMenuAttachments"
              imageMso="HappyFace"
              label="ContextMenuAttachments"
              onAction="OnMyButtonClick" />
    </contextMenu>
    <contextMenu idMso="ContextMenuTableView">
      <button id="MyContextMenuTableView"
              label="ContextMenuTableView"
              onAction="OnMyButtonClick"/>
    </contextMenu>
    <contextMenu idMso="ContextMenuCalendarView">
      <button id="MyContextMenuCalendarView"
              label="ContextMenuCalendarView"
              onAction="OnMyButtonClick"/>
    </contextMenu>
    <contextMenu idMso="ContextMenuCardView">
      <button id="MyContextMenuCardView"
              label="ContextMenuCardView"
              onAction="OnMyButtonClick"/>
    </contextMenu>
    <contextMenu idMso="ContextMenuTimelineView">
      <button id="MyContextMenuTimelineView"
              label="ContextMenuTimelineView"
              onAction="OnMyButtonClick"/>
    </contextMenu>
    <contextMenu idMso="ContextMenuTableArrangeBy">
      <button id="MyContextMenuTableArrangeBy"
              label="ContextMenuTableArrangeBy"
              onAction="OnMyButtonClick"/>
    </contextMenu>
    <contextMenu idMso="ContextMenuCalendarViewTimeBar">
      <button id="MyContextMenuCalendarViewTimeBar"
              label="ContextMenuCalendarViewTimeBar"
              onAction="OnMyButtonClick"/>
    </contextMenu>
    <contextMenu idMso="ContextMenuCalendarViewFreeBusyBar">
      <button id="MyContextMenuCalendarViewFreeBusyBar"
              label="ContextMenuCalendarViewFreeBusyBar"
              onAction="OnMyButtonClick"/>
    </contextMenu>
    <contextMenu idMso="ContextMenuTableViewColumn">
      <button id="MyContextMenuTableViewColumn"
              label="ContextMenuTableViewColumn"
              onAction="OnMyButtonClick"/>
    </contextMenu>
    <contextMenu idMso="ContextMenuQuickFlags">
      <button id="MyContextMenuQuickFlags"
              label="ContextMenuQuickFlags"
              onAction="OnMyButtonClick"/>
    </contextMenu>
    <contextMenu idMso="ContextMenuCategories">
      <button id="MyContextMenuCategories"
              label="ContextMenuCategories"
              onAction="OnMyButtonClick"/>
    </contextMenu>
    <contextMenu idMso="ContextMenuFlaggedMailItem">
      <button id="MyContextMenuFlaggedMailItem"
              label="ContextMenuFlaggedMailItem"
              onAction="OnMyButtonClick"/>
    </contextMenu>
    <contextMenu idMso="ContextMenuFlaggedContactItem">
      <button id="MyContextMenuFlaggedContactItem"
              label="ContextMenuFlaggedContactItem"
              onAction="OnMyButtonClick"/>
    </contextMenu>
    <contextMenu idMso="MenuMailNewItem">
      <button id="MyMenuMailNewItem" 
              label="MenuNewMailItem"
              onAction="OnMyButtonClick"/>
    </contextMenu>
    <contextMenu idMso="MenuCalendarNewItem">
      <button id="MyMenuCalendarNewItem"
              label="MenuCalendarNewItem"
              onAction="OnMyButtonClick"/>
    </contextMenu>
    <contextMenu idMso="MenuContactsNewItem">
      <button id="MyMenuContactsNewItem"
              label="MenuContactsNewItem"
              onAction="OnMyButtonClick"/>
    </contextMenu>
    <contextMenu idMso="MenuTasksNewItem">
      <button id="MyMenuTasksNewItem"
              label="MenuTasksNewItem"
              onAction="OnMyButtonClick"/>
    </contextMenu>
    <contextMenu idMso="MenuJournalNewItem">
      <button id="MyMenuJournalNewItem"
              label="MenuJournalNewItem"
              onAction="OnMyButtonClick"/>
    </contextMenu>
    <contextMenu idMso="MenuNotesNewItem">
      <button id="MyMenuNotesNewItem"
              label="MenuNotesNewItem"
              onAction="OnMyButtonClick"/>
    </contextMenu>
  </contextMenus>
</customUI>


