﻿<?xml version="1.0" encoding="utf-8"?>
<customUI onLoad="Ribbon_Load" xmlns="http://schemas.microsoft.com/office/2009/07/customui">
  <ribbon>
    <tabs>
      <tab id="MyTab"
           getVisible="MyTabInspector_GetVisible"
           label="MyTab">
        <group label="MyGroup" id="MyGroup" autoScale="true">
          <button id="MyButton"
                  size="large"
                  label="MyButton"
                  imageMso="HappyFace"
                  onAction="OnMyButtonClick"/>
        </group>
      </tab>
    </tabs>
    <contextualTabs>
      <tabSet idMso="TabSetAttachments">
        <tab idMso="TabAttachments">
          <group label="MyGroup" id="MyAttachmentGroup">
            <button id="MyButtonAttachments"
                    size="large"
                    label="MyButtonAttachments"
                    imageMso="HappyFace"
                    onAction="OnMyButtonClick" />
          </group>
        </tab>
      </tabSet>
    </contextualTabs>
  </ribbon>
</customUI>


